{
	"credit": "Made with Blockbench",
	"texture_size": [48, 48],
	"textures": {
		"0": "./acacia_cabinet",
		"particle": "./acacia_cabinet"
	},
	"elements": [
		{
			"from": [0, 0, 0],
			"to": [16, 16, 16],
			"faces": {
				"north": {"uv": [5.33333, 10.66667, 10.66666, 16], "texture": "#0"},
				"east": {"uv": [10.66667, 5.33333, 16, 10.66667], "texture": "#0"},
				"south": {"uv": [10.66667, 5.33333, 16, 10.66667], "texture": "#0"},
				"west": {"uv": [10.66667, 5.33333, 16, 10.66667], "texture": "#0"},
				"up": {"uv": [10.66667, 0, 5.33333, 5.33333], "texture": "#0"},
				"down": {"uv": [10.66667, 10.66667, 16, 16], "texture": "#0"}
			}
		},
		{
			"from": [1, 0, -1],
			"to": [15, 16, 0],
			"faces": {
				"north": {"uv": [5.66666, 10.66667, 10.33333, 16], "texture": "#0"},
				"east": {"uv": [5.66666, 10.66667, 5.99999, 16], "texture": "#0"},
				"west": {"uv": [10, 10.66667, 10.33333, 16], "texture": "#0"},
				"up": {"uv": [10.33333, 10.66667, 5.66666, 11], "texture": "#0"},
				"down": {"uv": [10.33333, 15.66667, 5.66666, 16], "texture": "#0"}
			}
		}
	],
	"display": {
		"thirdperson_righthand": {
			"rotation": [75, 45, 0],
			"translation": [0, 2.5, 0],
			"scale": [0.375, 0.375, 0.375]
		},
		"thirdperson_lefthand": {
			"rotation": [75, 45, 0],
			"translation": [0, 2.5, 0],
			"scale": [0.375, 0.375, 0.375]
		},
		"firstperson_righthand": {
			"rotation": [0, 45, 0],
			"scale": [0.4, 0.4, 0.4]
		},
		"firstperson_lefthand": {
			"rotation": [0, 45, 0],
			"scale": [0.4, 0.4, 0.4]
		},
		"ground": {
			"translation": [0, 3, 0],
			"scale": [0.25, 0.25, 0.25]
		},
		"gui": {
			"rotation": [30, 225, 0],
			"scale": [0.625, 0.625, 0.625]
		},
		"fixed": {
			"translation": [0, 0, 18],
			"scale": [2.01, 2.01, 2.01]
		}
	}
}