{"display":{"thirdperson_righthand":{"rotation":[75,45,0],"translation":[0,2.5,0],"scale":[0.375,0.375,0.375]},"thirdperson_lefthand":{"rotation":[75,45,0],"translation":[0,2.5,0],"scale":[0.375,0.375,0.375]},"firstperson_righthand":{"rotation":[0,45,0],"scale":[0.4,0.4,0.4]},"firstperson_lefthand":{"rotation":[0,45,0],"scale":[0.4,0.4,0.4]},"ground":{"translation":[0,3,0],"scale":[0.25,0.25,0.25]},"gui":{"rotation":[30,225,0],"scale":[0.625,0.625,0.625]},"head":{"translation":[0,-15.25,0]},"fixed":{"rotation":[10,-90,0],"translation":[0,-9.25,-18.75],"scale":[2,2,2]}},"texture_size":[256,256],"textures":{"0":"./kastelan","particle":"./kastelan"},"elements":[{"from":[3,7,1],"to":[13,17,14],"rotation":{"angle":0,"axis":"y","origin":[7.5,16,8]},"faces":{"north":{"uv":[6.0625,5.3125,6.6875,5.9375],"texture":"#0"},"east":{"uv":[5.25,5.3125,6.0625,5.9375],"texture":"#0"},"south":{"uv":[7.5,5.3125,8.125,5.9375],"texture":"#0"},"west":{"uv":[6.6875,5.3125,7.5,5.9375],"texture":"#0"},"up":{"uv":[6.6875,5.3125,6.0625,4.5],"texture":"#0"},"down":{"uv":[7.3125,4.5,6.6875,5.3125],"texture":"#0"}}},{"from":[3,4,1],"to":[9,7,14],"rotation":{"angle":0,"axis":"y","origin":[7.5,16,8]},"faces":{"north":{"uv":[8.4375,8.875,8.8125,9.0625],"texture":"#0"},"east":{"uv":[7.625,8.875,8.4375,9.0625],"texture":"#0"},"south":{"uv":[9.625,8.875,10,9.0625],"texture":"#0"},"west":{"uv":[8.8125,8.875,9.625,9.0625],"texture":"#0"},"up":{"uv":[8.8125,8.875,8.4375,8.0625],"texture":"#0"},"down":{"uv":[9.1875,8.0625,8.8125,8.875],"texture":"#0"}}},{"from":[3,17,2],"to":[4,21,13],"rotation":{"angle":0,"axis":"y","origin":[7.5,16,8]},"faces":{"north":{"uv":[10.0625,10.0625,10.125,10.3125],"texture":"#0"},"east":{"uv":[9.375,10.0625,10.0625,10.3125],"texture":"#0"},"south":{"uv":[10.8125,10.0625,10.875,10.3125],"texture":"#0"},"west":{"uv":[10.125,10.0625,10.8125,10.3125],"texture":"#0"},"up":{"uv":[10.125,10.0625,10.0625,9.375],"texture":"#0"},"down":{"uv":[10.1875,9.375,10.125,10.0625],"texture":"#0"}}},{"from":[8.99,2.11132,3.11132],"to":[13.01,5.13132,8.13132],"rotation":{"angle":45,"axis":"x","origin":[11,5.12132,3.12132]},"faces":{"north":{"uv":[8,0.1875,7.75,0],"rotation":180,"texture":"#0"},"east":{"uv":[7.5625,0.1875,7.75,0.5],"rotation":90,"texture":"#0"},"south":{"uv":[8.25,0,8,0.1875],"texture":"#0"},"west":{"uv":[8,0.1875,8.1875,0.5],"rotation":270,"texture":"#0"},"up":{"uv":[8.1875,0.1875,8.4375,0.5],"texture":"#0"},"down":{"uv":[7.75,0.1875,8,0.5],"rotation":180,"texture":"#0"}}},{"from":[9,3,1],"to":[13,7,4],"rotation":{"angle":0,"axis":"y","origin":[11,7,4]},"faces":{"north":{"uv":[4.8125,6.5,5.0625,6.75],"texture":"#0"},"east":{"uv":[4.375,6.5,4.1875,6.75],"texture":"#0"},"south":{"uv":[4.375,6.5,4.625,6.75],"texture":"#0"},"west":{"uv":[4.8125,6.5,4.625,6.75],"texture":"#0"},"up":{"uv":[4.625,6.5,4.375,6.3125],"texture":"#0"},"down":{"uv":[4.875,6.3125,4.625,6.5],"texture":"#0"}}},{"from":[2.99,-5.01,2.99],"to":[6.01,0.01,7.01],"rotation":{"angle":45,"axis":"z","origin":[3,0,5]},"faces":{"north":{"uv":[0.25,0.875,0.4375,1.1875],"texture":"#0"},"east":{"uv":[0,0.875,0.25,1.1875],"texture":"#0"},"south":{"uv":[0.6875,0.875,0.875,1.1875],"texture":"#0"},"west":{"uv":[0.4375,0.875,0.6875,1.1875],"texture":"#0"},"up":{"uv":[0.4375,0.875,0.25,0.625],"texture":"#0"},"down":{"uv":[0.625,0.625,0.4375,0.875],"texture":"#0"}}},{"from":[3,0,3],"to":[6,4,7],"rotation":{"angle":0,"axis":"y","origin":[3,4,5]},"faces":{"north":{"uv":[5.875,7.625,6.0625,7.875],"texture":"#0"},"east":{"uv":[5.625,7.625,5.875,7.875],"texture":"#0"},"south":{"uv":[6.3125,7.625,6.5,7.875],"texture":"#0"},"west":{"uv":[6.0625,7.625,6.3125,7.875],"texture":"#0"},"up":{"uv":[6.0625,7.625,5.875,7.375],"texture":"#0"},"down":{"uv":[6.25,7.375,6.0625,7.625],"texture":"#0"}}},{"from":[2.99,-5.01,7.99],"to":[6.01,0.01,12.01],"rotation":{"angle":45,"axis":"z","origin":[3,0,10]},"faces":{"north":{"uv":[2.3125,6.5625,2.5,6.875],"texture":"#0"},"east":{"uv":[2.0625,6.5625,2.3125,6.875],"texture":"#0"},"south":{"uv":[2.75,6.5625,2.9375,6.875],"texture":"#0"},"west":{"uv":[2.5,6.5625,2.75,6.875],"texture":"#0"},"up":{"uv":[2.5,6.5625,2.3125,6.3125],"texture":"#0"},"down":{"uv":[2.6875,6.3125,2.5,6.5625],"texture":"#0"}}},{"from":[3,0,8],"to":[6,4,12],"rotation":{"angle":0,"axis":"y","origin":[3,4,10]},"faces":{"north":{"uv":[7.6875,1.9375,7.875,2.1875],"texture":"#0"},"east":{"uv":[7.4375,1.9375,7.6875,2.1875],"texture":"#0"},"south":{"uv":[8.125,1.9375,8.3125,2.1875],"texture":"#0"},"west":{"uv":[7.875,1.9375,8.125,2.1875],"texture":"#0"},"up":{"uv":[7.875,1.9375,7.6875,1.6875],"texture":"#0"},"down":{"uv":[8.0625,1.6875,7.875,1.9375],"texture":"#0"}}},{"from":[6,19,5],"to":[11,30,11],"rotation":{"angle":0,"axis":"y","origin":[11,29,8]},"faces":{"north":{"uv":[0.375,10,0.6875,10.6875],"texture":"#0"},"east":{"uv":[0,10,0.375,10.6875],"texture":"#0"},"south":{"uv":[1.0625,10,1.375,10.6875],"texture":"#0"},"west":{"uv":[0.6875,10,1.0625,10.6875],"texture":"#0"},"up":{"uv":[0.6875,10,0.375,9.625],"texture":"#0"},"down":{"uv":[1,9.625,0.6875,10],"texture":"#0"}}},{"from":[5.975,15.475,5.475],"to":[11.025,20.525,10.525],"rotation":{"angle":-45,"axis":"x","origin":[8.5,18,8]},"faces":{"north":{"uv":[3.4375,3.3125,3.75,3.625],"texture":"#0"},"east":{"uv":[3.125,3.3125,3.4375,3.625],"texture":"#0"},"south":{"uv":[4.0625,3.3125,4.375,3.625],"texture":"#0"},"west":{"uv":[3.75,3.3125,4.0625,3.625],"texture":"#0"},"up":{"uv":[3.75,3.3125,3.4375,3],"texture":"#0"},"down":{"uv":[4.0625,3,3.75,3.3125],"texture":"#0"}}},{"from":[5.025,22.025,2.025],"to":[10.975,31.975,12.975],"rotation":{"angle":0,"axis":"y","origin":[11,31,8]},"faces":{"north":{"uv":[3.4375,7.375,3.8125,8],"texture":"#0"},"east":{"uv":[2.75,7.375,3.4375,8],"texture":"#0"},"south":{"uv":[4.5,7.375,4.875,8],"texture":"#0"},"west":{"uv":[3.8125,7.375,4.5,8],"texture":"#0"},"up":{"uv":[3.8125,7.375,3.4375,6.6875],"texture":"#0"},"down":{"uv":[4.1875,6.6875,3.8125,7.375],"texture":"#0"}}}]}