{"credit": "Made by Mr_San1X", "texture_size": [96, 96], "textures": {"1": "./bath"}, "elements": [{"from": [14, 5, -14], "to": [2, 16, 14], "rotation": {"angle": 0, "axis": "y", "origin": [2, 14, 2]}, "faces": {"north": {"uv": [10, 4.33333, 12, 6.16667], "texture": "#1"}, "east": {"uv": [8, 9.33333, 12.66667, 11.16667], "texture": "#1"}, "south": {"uv": [10, 6.16667, 12, 8], "texture": "#1"}, "west": {"uv": [2.66667, 9.66667, 7.33333, 11.5], "texture": "#1"}, "up": {"uv": [10, 4.66667, 8, 0], "texture": "#1"}, "down": {"uv": [10, 4.66667, 8, 9.33333], "texture": "#1"}}}, {"from": [0, 3, -16], "to": [16, 16, 16], "faces": {"north": {"uv": [10, 0, 12.66667, 2.16667], "texture": "#1"}, "east": {"uv": [2.66667, 5.33333, 8, 7.5], "texture": "#1"}, "south": {"uv": [10, 2.16667, 12.66667, 4.33333], "texture": "#1"}, "west": {"uv": [2.66667, 7.5, 8, 9.66667], "texture": "#1"}, "up": {"uv": [2.66667, 5.33333, 0, 0], "texture": "#1"}, "down": {"uv": [5.33333, 0, 2.66667, 5.33333], "texture": "#1"}}}, {"from": [0, 0, -16], "to": [16, 3, 16], "faces": {"north": {"uv": [0, 10.66667, 2.66667, 11.16667], "texture": "#1"}, "east": {"uv": [10, 8, 15.33333, 8.5], "texture": "#1"}, "south": {"uv": [0, 11.16667, 2.66667, 11.66667], "texture": "#1"}, "west": {"uv": [10, 8.5, 15.33333, 9], "texture": "#1"}, "up": {"uv": [2.66667, 10.66667, 0, 5.33333], "texture": "#1"}, "down": {"uv": [8, 0, 5.33333, 5.33333], "texture": "#1"}}}], "display": {"thirdperson_righthand": {"rotation": [63, 0, 0], "translation": [-6, 4.75, -2], "scale": [0.8, 0.8, 0.8]}, "thirdperson_lefthand": {"rotation": [63, 0, 0], "translation": [-6, 4.75, -2], "scale": [0.8, 0.8, 0.8]}, "firstperson_righthand": {"rotation": [0, 135, 0], "translation": [0, 3, 0], "scale": [0.4, 0.4, 0.4]}, "firstperson_lefthand": {"rotation": [0, 135, 0], "translation": [0, 3, 0], "scale": [0.4, 0.4, 0.4]}, "ground": {"translation": [0, 3, 0], "scale": [0.25, 0.25, 0.25]}, "gui": {"rotation": [30, 225, 0], "scale": [0.625, 0.625, 0.625]}, "head": {"translation": [0, 14.25, 0]}, "fixed": {"translation": [0, 0.2, 50.4], "scale": [2.01, 2.035, 2.035]}}}